{
    "read_files": [
        "FASTQ/SRR1039508_1.fastq.gz",
        "FASTQ/SRR1039508_2.fastq.gz"
    ],
    "expected_format": "IU",
    "compatible_fragment_ratio": 1.0,
    "num_compatible_fragments": 21072103,
    "num_assigned_fragments": 21072103,
    "num_frags_with_concordant_consistent_mappings": 20970421,
    "num_frags_with_inconsistent_or_orphan_mappings": 494874,
    "strand_mapping_bias": 0.5005106955172717,
    "MSF": 0,
    "OSF": 0,
    "ISF": 10474501,
    "MSR": 0,
    "OSR": 0,
    "ISR": 10495920,
    "SF": 237040,
    "SR": 257834,
    "MU": 0,
    "OU": 0,
    "IU": 0,
    "U": 0
}