{
    "read_files": [
        "FASTQ/SRR1039517_1.fastq.gz",
        "FASTQ/SRR1039517_2.fastq.gz"
    ],
    "expected_format": "IU",
    "compatible_fragment_ratio": 1.0,
    "num_compatible_fragments": 31839924,
    "num_assigned_fragments": 31839924,
    "num_frags_with_concordant_consistent_mappings": 31138063,
    "num_frags_with_inconsistent_or_orphan_mappings": 1257359,
    "strand_mapping_bias": 0.4996457551004377,
    "MSF": 0,
    "OSF": 0,
    "ISF": 15580062,
    "MSR": 0,
    "OSR": 0,
    "ISR": 15558001,
    "SF": 654273,
    "SR": 603086,
    "MU": 0,
    "OU": 0,
    "IU": 0,
    "U": 0
}