{
    "read_files": [
        "FASTQ/SRR1039516_1.fastq.gz",
        "FASTQ/SRR1039516_2.fastq.gz"
    ],
    "expected_format": "IU",
    "compatible_fragment_ratio": 1.0,
    "num_compatible_fragments": 25210669,
    "num_assigned_fragments": 25210669,
    "num_frags_with_concordant_consistent_mappings": 24618500,
    "num_frags_with_inconsistent_or_orphan_mappings": 1042636,
    "strand_mapping_bias": 0.49954444828076446,
    "MSF": 0,
    "OSF": 0,
    "ISF": 12320465,
    "MSR": 0,
    "OSR": 0,
    "ISR": 12298035,
    "SF": 552926,
    "SR": 489710,
    "MU": 0,
    "OU": 0,
    "IU": 0,
    "U": 0
}